Scenario,Mesocarnivore -> Megacarnivore,Mesoherbivore -> Megacarnivore,Mesoherbivore -> Mesocarnivore,Microcarnivore -> Megacarnivore,Microcarnivore -> Mesocarnivore,Microherbivore -> Megacarnivore,Microherbivore -> Mesocarnivore,Microherbivore -> Microcarnivore
PN,5.64375,10.209944751381215,5.7622377622377625,22.587209302325583,28.82233502538071,44.31111111111111,84.12626262626263,281.4162679425837
CU,1.75,1.7513812154696133,2.4265734265734267,6.476744186046512,19.949238578680202,12.455555555555556,65.39393939393939,266.63157894736844
RW,3.41875,3.4198895027624308,2.895104895104895,13.587209302325581,25.3502538071066,24.177777777777777,74.89393939393939,278.57416267942585
